{
  "IcoMoonType": "selection",
  "icons": [
    {
      "icon": {
        "paths": [
          "M669.143 172l-303.429 303.429 303.429 303.429c14.286 14.286 14.286 37.143 0 51.429l-94.857 94.857c-14.286 14.286-37.143 14.286-51.429 0l-424-424c-14.286-14.286-14.286-37.143 0-51.429l424-424c14.286-14.286 37.143-14.286 51.429 0l94.857 94.857c14.286 14.286 14.286 37.143 0 51.429z"
        ],
        "width": 768,
        "attrs": [],
        "isMulticolor": false,
        "isMulticolor2": false,
        "tags": [
          "chevron-left"
        ],
        "defaultCode": 61523,
        "grid": 14
      },
      "attrs": [],
      "properties": {
        "name": "chevron-left",
        "id": 82,
        "order": 21,
        "prevSize": 28,
        "code": 61523
      },
      "setIdx": 0,
      "setId": 4,
      "iconIdx": 82
    },
    {
      "icon": {
        "paths": [
          "M632.571 501.143l-424 424c-14.286 14.286-37.143 14.286-51.429 0l-94.857-94.857c-14.286-14.286-14.286-37.143 0-51.429l303.429-303.429-303.429-303.429c-14.286-14.286-14.286-37.143 0-51.429l94.857-94.857c14.286-14.286 37.143-14.286 51.429 0l424 424c14.286 14.286 14.286 37.143 0 51.429z"
        ],
        "width": 694.8571428571428,
        "attrs": [],
        "isMulticolor": false,
        "isMulticolor2": false,
        "tags": [
          "chevron-right"
        ],
        "defaultCode": 61524,
        "grid": 14
      },
      "attrs": [],
      "properties": {
        "name": "chevron-right",
        "id": 83,
        "order": 22,
        "prevSize": 28,
        "code": 61524
      },
      "setIdx": 0,
      "setId": 4,
      "iconIdx": 83
    },
    {
      "icon": {
        "paths": [
          "M961.714 760.571l-94.857 94.286c-14.286 14.286-37.143 14.286-51.429 0l-303.429-303.429-303.429 303.429c-14.286 14.286-37.143 14.286-51.429 0l-94.857-94.286c-14.286-14.286-14.286-37.714 0-52l424-423.429c14.286-14.286 37.143-14.286 51.429 0l424 423.429c14.286 14.286 14.286 37.714 0 52z"
        ],
        "width": 1024,
        "attrs": [],
        "isMulticolor": false,
        "isMulticolor2": false,
        "tags": [
          "chevron-up"
        ],
        "defaultCode": 61559,
        "grid": 14
      },
      "attrs": [],
      "properties": {
        "name": "chevron-up",
        "id": 113,
        "order": 17,
        "prevSize": 28,
        "code": 61559
      },
      "setIdx": 0,
      "setId": 4,
      "iconIdx": 113
    },
    {
      "icon": {
        "paths": [
          "M961.714 461.714l-424 423.429c-14.286 14.286-37.143 14.286-51.429 0l-424-423.429c-14.286-14.286-14.286-37.714 0-52l94.857-94.286c14.286-14.286 37.143-14.286 51.429 0l303.429 303.429 303.429-303.429c14.286-14.286 37.143-14.286 51.429 0l94.857 94.286c14.286 14.286 14.286 37.714 0 52z"
        ],
        "width": 1024,
        "attrs": [],
        "isMulticolor": false,
        "isMulticolor2": false,
        "tags": [
          "chevron-down"
        ],
        "defaultCode": 61560,
        "grid": 14
      },
      "attrs": [],
      "properties": {
        "name": "chevron-down",
        "id": 114,
        "order": 18,
        "prevSize": 28,
        "code": 61560
      },
      "setIdx": 0,
      "setId": 4,
      "iconIdx": 114
    },
    {
      "icon": {
        "paths": [
          "M365.714 822.857c0 16 7.429 54.857-18.286 54.857h-182.857c-90.857 0-164.571-73.714-164.571-164.571v-402.286c0-90.857 73.714-164.571 164.571-164.571h182.857c9.714 0 18.286 8.571 18.286 18.286 0 16 7.429 54.857-18.286 54.857h-182.857c-50.286 0-91.429 41.143-91.429 91.429v402.286c0 50.286 41.143 91.429 91.429 91.429h164.571c14.286 0 36.571-2.857 36.571 18.286zM896 512c0 9.714-4 18.857-10.857 25.714l-310.857 310.857c-6.857 6.857-16 10.857-25.714 10.857-20 0-36.571-16.571-36.571-36.571v-164.571h-256c-20 0-36.571-16.571-36.571-36.571v-219.429c0-20 16.571-36.571 36.571-36.571h256v-164.571c0-20 16.571-36.571 36.571-36.571 9.714 0 18.857 4 25.714 10.857l310.857 310.857c6.857 6.857 10.857 16 10.857 25.714z"
        ],
        "width": 896,
        "attrs": [],
        "isMulticolor": false,
        "isMulticolor2": false,
        "tags": [
          "sign-out"
        ],
        "defaultCode": 61579,
        "grid": 14
      },
      "attrs": [],
      "properties": {
        "name": "sign-out",
        "id": 132,
        "order": 13,
        "prevSize": 28,
        "code": 61579
      },
      "setIdx": 0,
      "setId": 4,
      "iconIdx": 132
    },
    {
      "icon": {
        "paths": [
          "M548 6.857v150.857h-89.714c-70.286 0-83.429 33.714-83.429 82.286v108h167.429l-22.286 169.143h-145.143v433.714h-174.857v-433.714h-145.714v-169.143h145.714v-124.571c0-144.571 88.571-223.429 217.714-223.429 61.714 0 114.857 4.571 130.286 6.857z"
        ],
        "width": 602.2582857142856,
        "attrs": [],
        "isMulticolor": false,
        "isMulticolor2": false,
        "tags": [
          "facebook",
          "facebook-f"
        ],
        "defaultCode": 61594,
        "grid": 14
      },
      "attrs": [],
      "properties": {
        "name": "facebook, facebook-f",
        "id": 146,
        "order": 15,
        "prevSize": 28,
        "code": 61594
      },
      "setIdx": 0,
      "setId": 4,
      "iconIdx": 146
    },
    {
      "icon": {
        "paths": [
          "M877.714 768v73.143c0 20-16.571 36.571-36.571 36.571h-804.571c-20 0-36.571-16.571-36.571-36.571v-73.143c0-20 16.571-36.571 36.571-36.571h804.571c20 0 36.571 16.571 36.571 36.571zM877.714 475.429v73.143c0 20-16.571 36.571-36.571 36.571h-804.571c-20 0-36.571-16.571-36.571-36.571v-73.143c0-20 16.571-36.571 36.571-36.571h804.571c20 0 36.571 16.571 36.571 36.571zM877.714 182.857v73.143c0 20-16.571 36.571-36.571 36.571h-804.571c-20 0-36.571-16.571-36.571-36.571v-73.143c0-20 16.571-36.571 36.571-36.571h804.571c20 0 36.571 16.571 36.571 36.571z"
        ],
        "width": 877.7142857142857,
        "attrs": [],
        "isMulticolor": false,
        "isMulticolor2": false,
        "tags": [
          "bars",
          "navicon",
          "reorder"
        ],
        "defaultCode": 61641,
        "grid": 14
      },
      "attrs": [],
      "properties": {
        "name": "bars, navicon, reorder",
        "id": 178,
        "order": 20,
        "prevSize": 28,
        "code": 61641
      },
      "setIdx": 0,
      "setId": 4,
      "iconIdx": 178
    },
    {
      "icon": {
        "paths": [
          "M505.714 323.429c6.286 6.857 8 16.571 4 25.143l-308.571 661.143c-4.571 8.571-13.714 14.286-24 14.286-2.286 0-5.143-0.571-8-1.143-12.571-4-20-16-17.143-28l112.571-461.714-232 57.714c-2.286 0.571-4.571 0.571-6.857 0.571-6.286 0-13.143-2.286-17.714-6.286-6.857-5.714-9.143-14.286-7.429-22.286l114.857-471.429c2.857-10.857 13.143-18.286 25.143-18.286h187.429c14.286 0 25.714 10.857 25.714 24 0 3.429-1.143 6.857-2.857 10.286l-97.714 264.571 226.286-56c2.286-0.571 4.571-1.143 6.857-1.143 7.429 0 14.286 3.429 19.429 8.571z"
        ],
        "width": 512.5851428571428,
        "attrs": [],
        "isMulticolor": false,
        "isMulticolor2": false,
        "tags": [
          "bolt",
          "flash"
        ],
        "defaultCode": 61671,
        "grid": 14
      },
      "attrs": [],
      "properties": {
        "name": "bolt, flash",
        "id": 206,
        "order": 16,
        "prevSize": 28,
        "code": 61671
      },
      "setIdx": 0,
      "setId": 4,
      "iconIdx": 206
    },
    {
      "icon": {
        "paths": [
          "M521.143 969.143c0-5.143-4-9.143-9.143-9.143-45.143 0-82.286-37.143-82.286-82.286 0-5.143-4-9.143-9.143-9.143s-9.143 4-9.143 9.143c0 55.429 45.143 100.571 100.571 100.571 5.143 0 9.143-4 9.143-9.143zM987.429 804.571c0 40-33.143 73.143-73.143 73.143h-256c0 80.571-65.714 146.286-146.286 146.286s-146.286-65.714-146.286-146.286h-256c-40 0-73.143-33.143-73.143-73.143 84.571-71.429 182.857-199.429 182.857-475.429 0-109.714 90.857-229.714 242.286-252-2.857-6.857-4.571-14.286-4.571-22.286 0-30.286 24.571-54.857 54.857-54.857s54.857 24.571 54.857 54.857c0 8-1.714 15.429-4.571 22.286 151.429 22.286 242.286 142.286 242.286 252 0 276 98.286 404 182.857 475.429z"
        ],
        "width": 1024,
        "attrs": [],
        "isMulticolor": false,
        "isMulticolor2": false,
        "tags": [
          "bell"
        ],
        "defaultCode": 61683,
        "grid": 14
      },
      "attrs": [],
      "properties": {
        "name": "bell",
        "id": 217,
        "order": 14,
        "prevSize": 28,
        "code": 61683
      },
      "setIdx": 0,
      "setId": 4,
      "iconIdx": 217
    },
    {
      "icon": {
        "paths": [
          "M877.714 512c0 242.286-196.571 438.857-438.857 438.857s-438.857-196.571-438.857-438.857 196.571-438.857 438.857-438.857 438.857 196.571 438.857 438.857z"
        ],
        "width": 877.7142857142857,
        "attrs": [],
        "isMulticolor": false,
        "isMulticolor2": false,
        "tags": [
          "circle"
        ],
        "defaultCode": 61713,
        "grid": 14
      },
      "attrs": [],
      "properties": {
        "name": "circle",
        "id": 245,
        "order": 19,
        "prevSize": 28,
        "code": 61713
      },
      "setIdx": 0,
      "setId": 4,
      "iconIdx": 245
    },
    {
      "icon": {
        "paths": [
          "M581.714 344.571c-6.286 13.143-18.857 21.143-33.143 21.143h-109.714v493.714c0 10.286-8 18.286-18.286 18.286h-402.286c-6.857 0-13.714-4-16.571-10.286-2.857-6.857-2.286-14.286 2.286-20l91.429-109.714c3.429-4 9.143-6.286 14.286-6.286h182.857v-365.714h-109.714c-14.286 0-26.857-8-33.143-21.143-5.714-12.571-4-28 5.143-38.857l182.857-219.429c13.714-16.571 42.286-16.571 56 0l182.857 219.429c9.143 10.857 11.429 26.286 5.143 38.857z"
        ],
        "width": 586.8251428571429,
        "attrs": [],
        "isMulticolor": false,
        "isMulticolor2": false,
        "tags": [
          "level-up"
        ],
        "defaultCode": 61768,
        "grid": 14
      },
      "attrs": [],
      "properties": {
        "name": "level-up",
        "id": 294,
        "order": 23,
        "prevSize": 28,
        "code": 61768
      },
      "setIdx": 0,
      "setId": 4,
      "iconIdx": 294
    },
    {
      "icon": {
        "paths": [
          "M18.286 146.286h402.286c10.286 0 18.286 8.571 18.286 18.857v493.143h109.714c14.286 0 26.857 8.571 33.143 21.143 6.286 13.143 4 28.571-5.143 39.429l-182.857 219.429c-13.714 16.571-42.286 16.571-56 0l-182.857-219.429c-9.143-10.857-10.857-26.286-5.143-39.429 6.286-12.571 18.857-21.143 33.143-21.143h109.714v-365.714h-182.857c-5.143 0-10.286-2.286-14.286-6.286l-91.429-109.714c-4.571-5.143-5.143-13.143-2.286-19.429s9.714-10.857 16.571-10.857z"
        ],
        "width": 586.8251428571429,
        "attrs": [],
        "isMulticolor": false,
        "isMulticolor2": false,
        "tags": [
          "level-down"
        ],
        "defaultCode": 61769,
        "grid": 14
      },
      "attrs": [],
      "properties": {
        "name": "level-down",
        "id": 295,
        "order": 24,
        "prevSize": 28,
        "code": 61769
      },
      "setIdx": 0,
      "setId": 4,
      "iconIdx": 295
    },
    {
      "icon": {
        "paths": [
          "M612.814 551.987c-11.803-5.915-38.097-13.88-69.393-15.953-31.31-2.068-71.471 0-71.471 0v135.554c0 0 41.935 0.894 70.003-1.174 28.041-2.068 56.989-9.153 71.461-17.136 14.463-7.974 31.893-20.378 31.893-51.381 0-31.017-20.676-44.003-32.493-49.909z",
          "M524.515 473.124c23.047-0.89 47.557-6.2 65.262-15.949 17.723-9.744 27.761-25.092 27.183-48.135-0.605-23.038-15.949-42.526-41.935-50.51-25.995-7.974-43.407-8.566-63.207-8.859-19.787-0.289-39.871 1.481-39.871 1.481v121.971c0.005-0 29.536 0.89 52.569-0z",
          "M512.111 0c-282.83 0-512.111 229.276-512.111 512.111 0 282.83 229.281 512.111 512.111 512.111s512.102-229.281 512.102-512.111c0-282.834-229.272-512.111-512.102-512.111zM720.625 707.919c-38.11 26.582-78.862 31.315-96.879 33.667-8.891 1.17-24.122 2.402-40.454 3.359v102.672h-63.207v-101.011c-11.808 0-28.723 0-48.135 0v101.011h-63.203v-101.011c-62.548 0-124.333 0-124.333 0l12.991-75.914c0 0 25.101 0 37.799 0 12.706 0 18.012-1.179 23.327-6.195 5.315-5.026 6.498-12.697 6.498-18.911 0-6.2 0-245.126 0-261.517 0-16.382-1.332-20.816-8.864-29.229-7.532-8.43-25.246-9.537-35.221-9.537-9.966 0-36.534 0-36.534 0v-65.623c0 0 59.812 0 124.333 0v-101.3h63.198v101.3c17.561 0 34.033 0 48.135 0v-101.3h63.207v102.514c47.119 2.921 82.195 11.898 112.809 34.521 39.582 29.238 37.505 80.032 36.62 92.142-0.881 12.11-6.195 35.446-16.838 50.496-10.62 15.068-36.611 30.132-36.611 30.132s30.71 6.493 52.28 22.74c21.543 16.247 37.51 44.888 36.602 86.828-0.867 41.939-9.428 83.585-47.521 110.163z"
        ],
        "attrs": [
          {},
          {},
          {}
        ],
        "isMulticolor": false,
        "isMulticolor2": false,
        "grid": 0,
        "tags": [
          "BTC"
        ]
      },
      "attrs": [
        {},
        {},
        {}
      ],
      "properties": {
        "order": 2,
        "id": 8,
        "name": "btc-circle",
        "prevSize": 32,
        "code": 59648
      },
      "setIdx": 1,
      "setId": 3,
      "iconIdx": 0
    },
    {
      "icon": {
        "paths": [
          "M512.237 0c-282.902 0-512.237 229.34-512.237 512.246 0 282.911 229.335 512.237 512.237 512.237 282.911 0 512.246-229.326 512.246-512.237 0.005-282.906-229.331-512.246-512.246-512.246zM711.079 762.036h-400.24l33.64-160.596-65.411 44.852 15.89-87.884 68.414-47.096 67.109-320.321h124.947l-46.202 219.948 162.674-111.956-19.064 91.063-162.646 111.5-32.177 153.209h275.298l-22.23 107.283z"
        ],
        "attrs": [
          {}
        ],
        "isMulticolor": false,
        "isMulticolor2": false,
        "grid": 0,
        "tags": [
          "LTC"
        ]
      },
      "attrs": [
        {}
      ],
      "properties": {
        "order": 3,
        "id": 7,
        "name": "ltc-circle",
        "prevSize": 32,
        "code": 59649
      },
      "setIdx": 1,
      "setId": 3,
      "iconIdx": 1
    },
    {
      "icon": {
        "paths": [
          "M512.413 0.826c-282.541 0-511.587 229.046-511.587 511.587s229.046 511.587 511.587 511.587c282.541 0 511.587-229.051 511.587-511.587 0-282.541-229.046-511.587-511.587-511.587zM726.531 740.353c-33.256 57.148-107.942 77.3-166.805 45.019-58.868-32.281-79.63-104.781-46.365-161.933 13.853-23.805 5.206-54.005-19.326-67.465-24.185-13.262-54.781-5.265-68.91 17.795h-0.009v-0.095c-0.199 0.352-0.375 0.7-0.578 1.048-33.256 57.148-107.937 77.304-166.801 45.019-58.872-32.281-79.634-104.79-46.378-161.924 33.265-57.152 107.942-77.304 166.819-45.015 19.674 10.792 35.062 26.095 45.638 43.8v-0.063l0.009-0.009c14.666 22.722 45.403 30.046 69.272 16.269 24.212-13.975 32.173-44.36 17.773-67.867-34.548-56.416-15.443-129.345 42.676-162.881 58.109-33.541 133.233-14.996 167.79 41.416 34.548 56.421 15.452 129.345-42.676 162.886-19.43 11.212-40.765 16.576-61.848 16.68l0.054 0.023v0.009c-27.883 0.935-50.036 23.304-49.702 50.532 0.33 27.589 23.656 49.706 52.077 49.381l-0.176 0.095c20.73-0.163 41.772 4.755 61.108 15.357 58.854 32.29 79.616 104.786 46.36 161.924z"
        ],
        "attrs": [
          {}
        ],
        "isMulticolor": false,
        "isMulticolor2": false,
        "grid": 0,
        "tags": [
          "XRP"
        ]
      },
      "attrs": [
        {}
      ],
      "properties": {
        "order": 4,
        "id": 6,
        "name": "xrp-circle",
        "prevSize": 32,
        "code": 59650
      },
      "setIdx": 1,
      "setId": 3,
      "iconIdx": 2
    },
    {
      "icon": {
        "paths": [
          "M886.039 629.973c-34.272-18.793-71.561-27.499-108.285-27.21l0.312-0.176c-50.383 0.578-91.713-38.607-92.305-87.509-0.582-48.252 38.675-87.902 88.074-89.55v-0.023l-0.090-0.045c37.37-0.181 75.178-9.686 109.622-29.563 102.997-59.446 136.859-188.687 75.629-288.673-61.243-99.99-194.377-132.858-297.374-73.412-102.997 59.441-136.854 188.687-75.62 288.673 25.503 41.664 11.406 95.511-31.509 120.283-42.305 24.415-96.78 11.442-122.766-28.822l-0.023 0.009v0.113c-18.726-31.387-46.008-58.502-80.885-77.63-104.32-57.22-236.686-21.512-295.626 79.774-58.94 101.263-22.139 229.755 82.186 286.97 104.329 57.22 236.677 21.507 295.622-79.774 0.357-0.61 0.673-1.242 1.020-1.856v0.149l0.023 0.009c25.038-40.883 79.269-55.048 122.129-31.54 43.475 23.846 58.796 77.377 34.241 119.569-58.949 101.286-22.144 229.769 82.177 286.979 104.325 57.224 236.686 21.507 295.626-79.774 58.931-101.272 22.144-229.751-82.177-286.97z"
        ],
        "attrs": [
          {}
        ],
        "isMulticolor": false,
        "isMulticolor2": false,
        "grid": 0,
        "tags": [
          "XRP-alt"
        ]
      },
      "attrs": [
        {}
      ],
      "properties": {
        "order": 5,
        "id": 5,
        "name": "xrp",
        "prevSize": 32,
        "code": 59651
      },
      "setIdx": 1,
      "setId": 3,
      "iconIdx": 3
    },
    {
      "icon": {
        "paths": [
          "M427.694 831.497l57.698-274.697 291.599-199.903 34.182-163.261-291.657 200.721 82.836-394.357h-224.011l-120.319 574.315-122.671 84.43-28.483 157.562 117.275-80.402-60.317 287.941h717.582l39.867-192.349z"
        ],
        "attrs": [
          {}
        ],
        "isMulticolor": false,
        "isMulticolor2": false,
        "grid": 0,
        "tags": [
          "LTC-alt"
        ]
      },
      "attrs": [
        {}
      ],
      "properties": {
        "order": 6,
        "id": 4,
        "name": "ltc",
        "prevSize": 32,
        "code": 59652
      },
      "setIdx": 1,
      "setId": 3,
      "iconIdx": 4
    },
    {
      "icon": {
        "paths": [
          "M713.509 2.032c-165.238 0-299.167 46.897-299.167 104.763v92.955c16.007 33.252 128.997 75.552 299.167 75.552 170.151 0 283.146-42.305 299.139-75.552v-92.955c0-57.865-133.942-104.763-299.139-104.763z",
          "M99.010 828.282l-4.226-8.751v-10.381c-18.039 13.483-28.42 28.47-28.42 44.337v92.96c16.007 33.247 128.997 75.543 299.167 75.543 170.151 0 283.15-42.296 299.144-75.543v-48.248c-60.335 18.721-139.889 29.77-228.116 29.77-170.499 0-309.317-40.987-337.548-99.688z",
          "M137.401 782.721v27.088c15.998 33.256 128.988 75.552 299.162 75.552 170.151 0 283.146-42.296 299.149-75.552v-92.951c0-6.642-1.955-13.104-5.337-19.394v14.517l-4.204 8.764c-28.253 58.692-167.040 99.679-337.552 99.679-100.022 0-188.935-14.183-251.217-37.704z",
          "M609.644 557.604v-92.951c0-57.87-133.946-104.763-299.149-104.763-165.238 0-299.153 46.893-299.153 104.763v92.951c15.989 33.252 128.984 75.548 299.153 75.548 170.151 0 283.146-42.296 299.149-75.548z",
          "M652.252 559.816v7.509l-4.213 8.751c-28.244 58.696-167.031 99.679-337.543 99.679-84.732 0-161.635-10.128-221.036-27.522v54.023c15.998 33.252 128.988 75.552 299.158 75.552 170.151 0 283.146-42.301 299.149-75.552v-92.941c0.005-17.931-12.896-34.769-35.514-49.498z",
          "M414.342 257.335v66.3c90.377 11.103 171.921 37.261 211.847 80.027 27.052 2.524 56.222 3.965 87.324 3.965 170.151 0 283.146-42.305 299.139-75.552v-74.74c-62.408 39.948-181.259 60.575-299.139 60.575-117.912 0-236.759-20.627-299.171-60.575z",
          "M650.45 448.226c1.079 5.31 1.802 10.769 1.802 16.423v46.645c16.716 8.349 31.193 17.804 43.154 28.38 6.015 0.095 11.925 0.275 18.107 0.275 170.151 0 283.146-42.305 299.139-75.552v-74.726c-62.408 39.939-181.259 60.566-299.139 60.566-21.119-0.005-42.238-0.691-63.063-2.009z",
          "M730.378 609.315v27.323c14.233 10.187 25.706 21.606 33.897 34.241 141.564-7.365 234.040-44.355 248.377-74.153v-74.74c-60.277 38.575-173.167 59.067-287.011 60.421 2.98 8.534 4.737 17.439 4.737 26.908z",
          "M778.314 716.859v85.55c133.662-8.99 220.458-44.549 234.334-73.363v-74.726c-50.993 32.615-139.627 52.343-234.627 58.48 0.099 1.346 0.294 2.682 0.294 4.059z",
          "M707.282 882.201v62.896c2.082 0.036 4.123 0.122 6.227 0.122 165.198 0 299.139-46.902 299.139-104.754v-53.833c-53.905 34.498-149.963 54.551-251.104 59.387-12.408 13.37-30.827 25.544-54.262 36.182z"
        ],
        "attrs": [
          {},
          {},
          {},
          {},
          {},
          {},
          {},
          {},
          {},
          {}
        ],
        "isMulticolor": false,
        "isMulticolor2": false,
        "grid": 0,
        "tags": [
          "NVC"
        ]
      },
      "attrs": [
        {},
        {},
        {},
        {},
        {},
        {},
        {},
        {},
        {},
        {}
      ],
      "properties": {
        "order": 7,
        "id": 3,
        "name": "coins",
        "prevSize": 32,
        "code": 59653
      },
      "setIdx": 1,
      "setId": 3,
      "iconIdx": 5
    },
    {
      "icon": {
        "paths": [
          "M826.241 509.586c-32.963-24.826-79.919-34.755-79.919-34.755s39.736-23.038 55.974-46.053c16.256-23.024 24.379-58.696 25.738-77.205 1.35-18.518 4.515-96.161-55.987-140.85-46.798-34.579-100.428-48.306-172.445-52.772v-156.695h-96.613v154.844c-21.557 0-46.748 0-73.588 0v-154.844h-96.604v154.844c-98.622 0-190.064 0-190.064 0v100.329c0 0 40.63 0 55.865 0 15.231 0 42.319 1.693 53.829 14.576 11.514 12.86 13.546 19.638 13.546 44.68 0 25.052 0.005 390.293 0.005 399.775 0 9.478-1.806 21.209-9.939 28.89-8.119 7.681-16.242 9.473-35.663 9.473-19.416 0-57.78 0-57.78 0l-19.863 116.038c0 0 94.454 0 190.064 0v154.406h96.608v-154.406c29.685 0 55.531 0 73.588 0v154.406h96.613v-156.952c24.975-1.458 48.261-3.35 61.844-5.13 27.544-3.603 89.839-10.828 148.089-51.463 58.231-40.639 71.312-104.298 72.672-168.399 1.373-64.106-23.038-107.906-55.969-132.736zM429.401 265.355c0 0 30.696-2.705 60.945-2.262 30.258 0.447 56.881 1.355 96.622 13.546 39.722 12.196 63.18 41.994 64.101 77.21 0.899 35.216-14.467 58.683-41.542 73.584-27.084 14.896-64.535 23.024-99.764 24.365-35.207 1.359-80.361 0-80.361 0v-186.443zM645.646 727.19c-22.121 12.196-66.368 23.029-109.247 26.181-42.892 3.165-106.998 1.811-106.998 1.811v-207.228c0 0 61.401-3.152 109.26 0 47.85 3.174 88.029 15.353 106.077 24.397 18.057 9.022 49.67 28.881 49.67 76.293 0 47.394-26.655 66.359-48.762 78.546z"
        ],
        "attrs": [
          {}
        ],
        "isMulticolor": false,
        "isMulticolor2": false,
        "grid": 0,
        "tags": [
          "BTC-alt"
        ]
      },
      "attrs": [
        {}
      ],
      "properties": {
        "order": 8,
        "id": 2,
        "name": "btc",
        "prevSize": 32,
        "code": 59654
      },
      "setIdx": 1,
      "setId": 3,
      "iconIdx": 6
    },
    {
      "icon": {
        "paths": [
          "M508.227 708.926v-316.185l-308.834 135.283z",
          "M508.227 371.003v-371.256l-298.882 502.172z",
          "M528.136-0.406v371.409l303.081 132.768z",
          "M528.136 392.74v316.194l309.051-180.821z",
          "M508.227 1026.84v-254.315l-306.757-179.602z",
          "M528.136 1026.84l306.757-433.917-306.757 179.602z"
        ],
        "attrs": [
          {},
          {},
          {},
          {},
          {},
          {}
        ],
        "isMulticolor": false,
        "isMulticolor2": false,
        "grid": 0,
        "tags": [
          "ETH"
        ]
      },
      "attrs": [
        {},
        {},
        {},
        {},
        {},
        {}
      ],
      "properties": {
        "order": 9,
        "id": 1,
        "name": "eth",
        "prevSize": 32,
        "code": 59655
      },
      "setIdx": 1,
      "setId": 3,
      "iconIdx": 7
    },
    {
      "icon": {
        "paths": [
          "M511.659 0c-282.581 0-511.659 229.078-511.659 511.659s229.078 511.659 511.659 511.659 511.659-229.078 511.659-511.659-229.078-511.659-511.659-511.659zM505.026 850.647l-202.202-286.027 202.202 118.386v167.641zM505.026 641.085l-203.57-119.244 203.57-89.171v208.415zM505.026 418.343l-197.014 86.29 197.014-331.010v244.719zM518.148 173.524l199.782 332.337-199.782-87.518v-244.819zM518.148 850.647v-167.641l202.202-118.386-202.202 286.027zM518.148 641.090v-208.415l203.719 89.234-203.719 119.181z"
        ],
        "attrs": [
          {}
        ],
        "isMulticolor": false,
        "isMulticolor2": false,
        "grid": 0,
        "tags": [
          "ETH-alt"
        ]
      },
      "attrs": [
        {}
      ],
      "properties": {
        "order": 10,
        "id": 0,
        "name": "eth-circle",
        "prevSize": 32,
        "code": 59656
      },
      "setIdx": 1,
      "setId": 3,
      "iconIdx": 8
    },
    {
      "icon": {
        "paths": [
          "M554 128h342v256h-342v-256zM554 896v-426h342v426h-342zM128 896v-256h342v256h-342zM128 554v-426h342v426h-342z"
        ],
        "attrs": [],
        "isMulticolor": false,
        "isMulticolor2": false,
        "tags": [
          "dashboard"
        ],
        "defaultCode": 59505,
        "grid": 24
      },
      "attrs": [],
      "properties": {
        "ligatures": "dashboard",
        "id": 198,
        "order": 11,
        "prevSize": 24,
        "code": 59505,
        "name": "dashboard"
      },
      "setIdx": 2,
      "setId": 2,
      "iconIdx": 198
    },
    {
      "icon": {
        "paths": [
          "M810 128c46 0 86 40 86 86v596c0 46-40 86-86 86h-596c-48 0-86-40-86-86v-170h86v170h596v-596h-596v170h-86v-170c0-46 38-86 86-86h596zM430 666l110-112h-412v-84h412l-110-112 60-60 214 214-214 214z"
        ],
        "attrs": [],
        "isMulticolor": false,
        "isMulticolor2": false,
        "tags": [
          "exit_to_app"
        ],
        "defaultCode": 59513,
        "grid": 24
      },
      "attrs": [],
      "properties": {
        "ligatures": "exit_to_app",
        "id": 254,
        "order": 12,
        "prevSize": 24,
        "code": 59513,
        "name": "exit_to_app"
      },
      "setIdx": 2,
      "setId": 2,
      "iconIdx": 254
    }
  ],
  "height": 1024,
  "metadata": {
    "name": "icomoon"
  },
  "preferences": {
    "showGlyphs": true,
    "showQuickUse": true,
    "showQuickUse2": true,
    "showSVGs": true,
    "fontPref": {
      "prefix": "icon-",
      "metadata": {
        "fontFamily": "icomoon"
      },
      "metrics": {
        "emSize": 1024,
        "baseline": 6.25,
        "whitespace": 50
      },
      "embed": false
    },
    "imagePref": {
      "prefix": "icon-",
      "png": true,
      "useClassSelector": true,
      "color": 0,
      "bgColor": 16777215,
      "classSelector": ".icon"
    },
    "historySize": 50,
    "showCodes": true,
    "gridSize": 16
  }
}